,song_artist
0,The Twist - Chubby Checker
1,Smooth - Santana
2,Mack the Knife - Bobby Darin
3,"Mark Ronson, ""Uptown Funk"" (Feat. Bruno Mars)"
4,Leann Rimes - How Do I Live
5,Party Rock Anthem - LMFAO
6,Black Eyed Peas - I Gotta Feeling
7,Macarena (Bayside Boys Mix) - Los Del Rio
8,Shape of You - Ed Sheeran
9,Physical (Olivia Newton John)
10,Debby Boone - You Light Up My Life
11,Hey Jude - The Beatles
12,Closer - The Chainsmokers Ft. Hasley
13,We Belong Together - Mariah Carey
14,Old Town Road (Remix) - Lil Nas X Ft. Billy Ray Cyrus
15,Toni Braxton - Un-Break My Heart
16,Usher - Yeah! (Featuring Lil Jon and Ludacris)
17,Bette Davis Eyes - Kim Carnes
18,"Girls Like You - Maroon 5, Cardi B"
19,Endless Love - Diana Ross and Lionel Richie
20,Rod Stewart - Tonight's the Night
21,Foolish Games - Jewel
22,Circles - Post Malone
23,(Everything I Do) I Do It for You - Bryan Adams
24,I'll Make Love to You - Boyz II Men
25,"Percy Faith - Theme From ""A Summer Place"""
26,"""Le Freak"" - Chic"
27,How Deep Is Your Love - Bee Gees
28,Eye of the Tiger - Survivor
29,We Found Love - Rihanna Ft Calvin Harris
30,Flo Rida Ft. T-Pain - Low
31,I Just Want to Be Your Everything - Andy Gibb
32,Too Close (Next)
33,Sunflower (Spider-Man: Into the Spider-Verse) - Post Malone & Swae Lee
34,Every Breath You Take - The Police
35,Somebody That I Used to Know - Gotye Ft Kimbra
36,Luis Fonsi Ft. Daddy Yankee and Justin Bieber - Despacito (Remix)
37,Flashdance...What a Feeling - Irene Cara
38,Rolling in the Deep - Adele
39,Bobby Lewis - Tossin' and Turnin'
40,Johnny Horton - The Battle of New Orleans
41,One Sweet Day - Boys II Men and Mariah Carey
42,Truly Madly Deeply - Savage Garden
43,Wings - Silly Love Songs
44,Let's Get It on - Marvin Gaye
45,Night Fever - Bee Gees
46,Another One Bites the Dust - Queen
47,"Say, Say, Say - Paul McCartney & Michael Jackson"
48,How You Remind Me - Nickleback
49,Without Me - Halsey
50,Tie a Yellow Ribbon Round the Ole Oak Tree - Dawn
51,It's All in the Game -Tommy Edwards
52,I Want to Hold Your Hand - The Beatles
53,"""Shadow Dancing"" - Andy Gibb"
54,Call Me Maybe - Carly Rae Jepsen
55,Robin Thicke - Blurred Lines
56,Candle in the Wind/Something About the Way You Look Tonight- Elton John
57,No One - Alicia Keys
58,Perfect - Ed Sheeran
59,Boyz II Men - End of the Road
60,I Will Always Love You Whitney Houston
61,Boom Boom Pow by Black Eyed Peas
62,Call Me - Blondie
63,Let Me Love You - Mario
64,Stayin' Alive - Bee Gees
65,Lady - Kenny Rogers
66,Tik Tok - Ke$Ha
67,I'm a Believer - The Monkees
68,Gold Digger - Kanye West
69,Apologize - One Republic (Feat. Timbaland)
70,Sicko Mode - Travis Scott Feat. Drake
71,The Sign - Ace of Base
72,Centerfold - J. Geils Band
73,All About That Bass - Meghan Trainor
74,Bad Guy - Billie Eilish
75,(Just Like) Starting Over-John Lennon
76,Royals- Lorde
77,The Boy Is Mine - Brandy & Monica
78,Because I Love You (The Postman Song) - Stevie B
79,I Love Rock N' Roll - Joan Jett & the Blackhearts
80,God's Plan - Drake
81,Aquarius/Let the Sunshine in - The 5th Dimension
82,Whoomp! There It Is - Tag Team
83,Moves Like Jagger - Maroon 5 Ft Christina Aguilera
84,Ebony and Ivory - Paul McCartney and Stevie Wonder
85,Rush Rush - Paula Abdul
86,Dionne and Friends - That's What Friends Are For
87,Pharrell Williams - Happy
88,Upside Down - Diana Ross
89,Sugar Sugar - The Archies
90,Just the Way You Are - Bruno Mars
91,Dilemma - Nelly
92,I Heard It Through the Grapevine - Marvin Gaye
93,You're Still the One - Shania Twain
94,Billie Jean - Michael Jackson
95,Hot Stuff - Donna Summer
96,"""Rockstar"" Post Malone"
97,Gangsta's Paradise-Coolio
98,Abracadabra - Steve Miller Band
99,You're So Vain - Carly Simon
100,Play That Funky Music White Boy-Wild Cherry
101,"Say You, Say Me - Lionel Richie"
102,"My Sharona, the Knack"
103,All Night Long (All Night) - Lionel Ritchie
104,Nothing Compares 2 U - Sinead O'Connor
105,All-4-One - I Swear
106,Family Affair - Mary J. Blige
107,Waiting for a Girl Like You - Foreigner
108,Are You Lonesome Tonight? - Elvis Presley
109,Killing Me Softly With His Song - Roberta Flack
110,Wiz Khalifa Ft. Charlie Puth - See You Again
111,Hurts So Good (John Cougar)
112,Puff Daddy & Faith Evans Featuring 112 - I'll Be Missing You
113,Dark Horse - Katy Perry Ft. Juicy J
114,Raindrops Keep Fallin' on My Head - B.J. Thomas
115,Thrift Shop- Macklemore & Ryan Lewis
116,Another Day in Paradise - Phil Collins
117,One More Night - Maroon 5
118,Best of My Love- The Emotions
119,Someone You Loved - Lewis Capaldi
120,We Are Young - Fun.
121,That's What I Like - Bruno Mars
122,Usher - You Make Me Wanna...
123,Big Girls Don't Cry - Fergie
124,The Way We Were - Barbra Streisand
125,Another Night - Real McCoy
126,It's Now or Never - Elvis Presley
127,The Box - Roddy Ricch
128,Do That to Me One More Time - Captain & Tennille
129,A Fifth of Beethoven - Walter Murphy
130,Madonna- Like a Virgin
131,Maria Maria - Santana
132,Prince - When Doves Cry
133,I Will Survive - Gloria Gaynor
134,I Can't Stop Loving You - Ray Charles
135,U Got It Bad - Usher
136,Whatever You Like - T.I.
137,Down by Jay Sean Feat. Lil Wayne
138,Bleeding Love - Leona Lewis
139,Joy to the World (Three Dog Night)
140,"Independent Women, Part 1 - Destiny's Child"
141,Foolish - Ashanti
142,Maneater-Hall and Oates
143,My Love - Paul McCartney & Wings
144,The Hills - The Weeknd
145,Nobody Knows - The Tony Rich Project
146,Alone Again (Naturally) - Gilbert O'sullivan
147,All of Me - John Legend
148,Happier - Marshmello & Bastille
149,Taylor Swift - Shake It Off
150,Roberta Flack - The First Time Ever I Saw Your Face
151,One Dance - Drake
152,Radioactive- Imagine Dragons
153,Sexy and I Know It - LMFAO
154,Someone Like You - Adele
155,Hey Ya! - Outkast
156,"Another Brick in the Wall, Part 2 - Pink Floyd"
157,Burn - Usher
158,The Way You Move - Outkast
159,Faith - George Michael
160,Crank That (Soulja Boy) - Soulja Boy Tell 'em
161,Because You Loved Me - Celine Dion
162,In Da Club - 50 Cent
163,Venus - Frankie Avalon
164,Onerepublic - Counting Stars
165,Crazy Little Thing Called Love - Queen
166,Rhinestone Cowboy - Glen Campbell
167,Breathe - Faith Hill
168,I'm Sorry - Brenda Lee
169,Beyoncé - Irreplaceable
170,Total Eclipse of the Heart - Bonnie Tyler
171,Wham! w/ George Michael - Careless Whisper
172,Kiss You All Over - Exile
173,Hanging by a Moment - Lifehouse
174,The Bangles - Walk Like an Egyptian
175,E.T. - Katy Perry Ft. Kanye West
176,Domenico Modugno - Volare (Nel Blu Dipinto Di Blu)
177,To Know Him Is to Love Him - The Teddy Bears
178,Lose Yourself - Eminem
179,I'll Be There - Jackson 5
180,Fallin' - Alicia Keys
181,Creep - TLC
182,"Love Theme From ""A Star Is Born"" (Evergreen) - Barbra Streisand"
183,Love Is Blue - Paul Mauriat
184,Disco Duck - Rick Dees & His Cast of Idiots
185,I'm Real - Jennifer Lopez
186,Goodies - Ciara
187,"Hello Dolly, Louis Armstrong"
188,Don't You Want Me - The Human League
189,Da Ya Think I'm Sexy? - Rod Stewart
190,Waterfalls - TLC
191,Maggie May - Rod Stewart
192,The Four Seasons - Big Girls Don't Cry
193,Nelly - Hot in Herre
194,I Write the Songs - Barry Manilow
195,Jessie's Girl - Rick Springfield
196,Gonna Make You Sweat-C+C Music Factory
197,Boogie Oogie Oogie - A Taste of Honey
198,Woman in Love - Barbra Streisand
199,Fetty Wap - Trap Queen
200,Truth Hurts - Lizzo
201,Run It! - Chris Brown
202,Elton John - Philadelphia Freedom
203,Love Yourself - Justin Bieber
204,Jimmy Gilmer & the Fireballs - Sugar Shack
205,Honky Tonk Women - The Rolling Stones
206,Just Dance - Lady Gaga
207,Vogue - Madonna
208,Tom Dooley (Kingston Trio)
209,Love Takes Time - Mariah Carey
210,My Boo Usher and Alicia Keys
211,Keep on Truckin' - Eddie Kendricks
212,Live Your Life - T.I. Feat. Rihanna
213,(Sittin' On) the Dock of the Bay - Otis Redding
214,Baby Boy - Beyonce
215,Firework - Katy Perry
216,Lollipop - Lil' Wayne Ft. Static Major
217,Crocodile Rock - Elton John
218,It Must've Been Love - Roxette
219,Vision of Love - Mariah Carey
220,American Pie - Don Mclean
221,Smoke Gets in Your Eyes - The Platters
222,Bad Girls- Donna Summer
223,Hard to Say I'm Sorry - Chicago
224,Big Bad John - Jimmy Dean
225,He'll Have to Go - Jim Reeves
226,Miss You Much - Janet Jackson
227,"Give Me Everything by Pitbull Ft. Ne-Yo, Afrojack & Nayer"
228,"(Shake, Shake, Shake) Shake Your Booty - KC & the Sunshine Band"
229,Down Under - Men at Work
230,Terry Jacks - Seasons in the Sun
231,We Are the World - USA for Africa
232,Lulu - To Sir With Love
233,Need You Now - Lady Antebellum
234,Locked Out of Heaven - Bruno Mars
235,Cathy's Clown - The Everly Brothers
236,John Mellencamp - Jack & Diane
237,Jump - Van Halen
238,Hold on - Wilson Phillips
239,Lucid Dreams - Juice WRLD
240,Bridge Over Troubled Water - Simon and Garfunkel
241,Knock Three Times - Dawn
242,Mr. Blue - The Fleetwoods
243,I Wanna Sex You Up (Color Me Badd)
244,Love the Way You Lie - Eminem Ft. Rihanna
245,One More Try - Timmy T
246,Lonely Boy - Paul Anka
247,Thinking Out Loud - Ed Sheeran
248,On Bended Knee - Boyz II Men
249,Islands in the Stream - Kenny Rogers & Dolly Parton
250,Sorry - Justin Bieber
251,Bobby Goldsboro - Honey
252,Coming Up (Live at Glasgow) - Paul McCartney
253,I'm Sorry/Calypso - John Denver
254,You're Makin' Me High/Let It Flow - Toni Braxton
255,Peppermint Twist - Joey Dee & the Starliters
256,California Gurls - Katy Perry Ft. Snoop Dogg
257,Arthur's Theme (Best That You Can Do) - Christopher Cross
258,Don't Go Breaking My Heart Elton John & Kiki Dee
259,Kiss and Say Goodbye - The Manhattans
260,Beyonce Featuring Jay-Z - Crazy in Love
261,*It's Too Late - Carole King
262,Broken Wings - Mr. Mister
263,From a Distance - Bette Midler
264,Taio Cruz - Dynamite
265,Alone - Heart
266,(They Long to Be) Close to You - Carpenters
267,Bobby Vinton - Roses Are Red
268,Can't Fight This Feeling - REO Speedwagon
269,Hollaback Girl - Gwen Stefani
270,Love Will Keep Us Together (Captain & Tenille)
271,*Stagger Lee - Lloyd Price
272,Poison - Every Rose Has Its Thorn
273,The Streak - Ray Stevens
274,Fantasy - Mariah Carey
275,I Wanna Dance With Somebody (Who Loves Me) - Whitney Houston
276,I Can't Go for That (No Can Do) - Hall & Oates
277,Disco Lady - Johnnie Taylor
278,Bennie and the Jets - Elton John
279,Poker Face - Lady Gaga
280,Love Rollercoaster - Ohio Players
281,"Señorita - Shawn Mendes, Camila Cabello"
282,Livin' on a Prayer (Bon Jovi)
283,Running Bear - Johnny Preston
284,Money for Nothing - Dire Straits
285,If You Leave Me Now - Chicago
286,I Think I Love You - The Partridge Family
287,Unbelievable - EMF
288,People Got to Be Free - The Rascals
289,On My Own - Patti Labelle & Michael McDonald
290,The First Time - Surface
291,"Hey, Soul Sister - Train"
292,Beat It - Michael Jackson
293,(Love Is) Thicker Than Water - Andy Gibb
294,Crazy for You - Madonna
295,Wonderland by Night - Bert Kaempfert
296,Take a Bow - Madonna
297,Love Child - Diana Ross & the Supremes
298,Can't Nobody Hold Me Down - Puff Daddy
299,Kryptonite - 3 Doors Down
300,She Loves You - The Beatles
301,What's Love Got to Do With It - Tina Turner
302,Hello - Adele
303,Stuck on You - Elvis Presley
304,The Three Bells - The Browns
305,"Bad, Bad Leroy Brown - Jim Croce"
306,One of These Nights - Eagles
307,Rock With You - Michael Jackson
308,More Than Words - Extreme
309,Midnight Train to Georgia - Gladys Knight & the Pips
310,In the Year 2525 - Zager and Evans
311,Everyday People - Sly & the Family Stone
312,Escapade - Janet Jackson
313,Separate Lives - Phil Collins & Marilyn Martin
314,I Want to Know What Love Is - Foreigner
315,It's Still Rock and Roll to Me - Billy Joel
316,Reunited - Peaches & Herb
317,No Diggity - Blackstreet
318,Chicago - Look Away
319,It's Only Make Believe
320,Work - Rihanna Feat. Drake
321,Promiscuous - Nelly Furtado Ft. Timbaland
322,Grenade ~ Bruno Mars
323,Tommy James & the Shondells - Crimson and Clover
324,The Monkees - Daydream Believer
325,Footloose - Kenny Loggins
326,Against All Odds (Take a Look at Me Now) - Phil Collins
327,Three Times a Lady - The Commodores
328,"I Like It - Cardi B Ft. J Balvin, Bad Bunny"
329,"""That's the Way (I Like It)"" - K.C. & the Sunshine Band"
330,I Like the Way (The Kissing Game) - Hi-Five
331,Poison - Bell Biv Devoe
332,I Knew I Loved You - Savage Garden
333,I'd Really Love to See You Tonight - England Dan & John Ford Coley
334,Steve Winwood - Roll With It
335,Still - The Commodores
336,Ode to Billie Joe - Bobbie Gentry
337,Player - Baby Come Back
338,Straight Up - Paula Abdul
339,Empire State of Mind - Jay-Z
340,The Beatles-Get Back
341,Wake Me Up - Avicii
342,Half-Breed - Cher
343,The New Vaudeville Band - Winchester Cathedral
344,My Sweet Lord - George Harrison
345,UB40 - (I Can't Help) Falling in Love With You
346,Don't Let Me Down - The Chainsmokers Featuring Daya
347,Havana - Camila Cabello
348,Emotions-Mariah Carey (1991)
349,OMG - Usher
350,Wow. - Post Malone
351,Lean Back - Terror Squad
352,YMCA - Village People
353,With Arms Wide Open - Creed
354,Anita Ward - Ring My Bell
355,"""Love Hangover"" - Diana Ross"
356,Since U Been Gone - Kelly Clarkson
357,Quit Playing Games With My Heart - Backstreet Boys
358,No Scrubs - TLC
359,Everybody Wants to Rule the World - Tears for Fears
360,(I Can't Get No) Satisfaction - The Rolling Stones
361,Limbo Rock - Chubby Checker
362,Dreamlover - Mariah Carey
363,Brother Louie-Stories
364,Drop It Like It's Hot - Snoop Dogg
365,Opposites Attract - Paula Abdul
366,Viva La Vida - Coldplay
367,Iggy Azalea - Fancy
368,We Didn't Start the Fire - Billy Joel
369,Sucker - Jonas Brothers
370,Can't Feel My Face - The Weeknd
371,Nothing's Gonna Stop Us Now-Starship
372,Escape (The Pina Colada Song) - Rupert Holmes
373,Will It Go Round in Circles - Billy Preston
374,Get Busy - Sean Paul
375,Stranger on the Shore - Mr Acker Bilk
376,The First Night - Monica
377,Taylor Swift - You Belong With Me
378,If I Ain't Got You - Alicia Keys
379,Runaway - Del Shannon
380,With or Without You - U2
381,The Power of Love - Huey Lewis and the News
382,Greatest Love of All by Whitney Houston
383,Nobody's Supposed to Be Here - Deborah Cox
384,S/Sgt. Barry Sadler - Ballad of the Green Berets
385,I Just Called to Say I Love You - Stevie Wonder
386,Top of the World - The Carpenters
387,Los Lobos - La Bamba
388,Twisted - Keith Sweat
389,Dancing Machine - The Jackson 5
390,"""Funkytown"" - Lipps Inc"
391,Magic - Olivia Newton-John
392,Candy Shop - 50 Cent
393,I Love You Always Forever - Donna Lewis
394,Believe - Cher
395,The Way I Are Timbaland & Keri Hilson
396,George Michael - One More Try
397,Ghostbusters - Ray Parker Jr
398,My Heart Has a Mind of Its Own - Connie Francis
399,Kiss From a Rose - Seal
400,"December, 1963 (Oh, What a Night) - The Four Seasons"
401,Gloria - Laura Branigan
402,Blank Space - Taylor Swift
403,Everything You Want - Vertical Horizon
404,Lionel Richie - Hello
405,It's All Coming Back to Me Now - Celine Dion
406,Shout-Tears for Fears
407,The Power of Love - Celine Dion
408,Windy - The Association
409,Brand New Key - Melanie
410,Cheap Thrills - Sia
411,Some Nights - Fun.
412,Right Here Waiting - Richard Marx
413,Bad Day - Daniel Powter
414,7 Rings - Ariana Grande
415,Baby Baby-Amy Grant
416,Woman - John Lennon
417,Stay With Me - Sam Smith
418,Umbrella - Rihanna
419,The Young Rascals - Groovin' (1967)
420,Can't Hold Us - Macklemore & Ryan Lewis
421,That's the Way Love Goes - Janet Jackson
422,How to Save a Life - The Fray
423,Heartaches by the Number - Guy Mitchell
424,Styx - Babe
425,I Can't Get Next to You - The Temptations
426,Owner of a Lonely Heart - Yes
427,Where My Girls At? - 702
428,The Singing Nun - Dominique
429,"1, 2 Step - Ciara"
430,Light My Fire - The Doors
431,All That She Wants - Ace of Base
432,Exodus - Ferrante & Teicher
433,El Paso - Marty Robbins
434,Bad Romance - Lady Gaga
435,Starland Vocal Band - Afternoon Delight
436,Justify My Love - Madonna
437,Blaze of Glory - Bon Jovi
438,Please Don't Go - KC and the Sunshine Band
439,Bird Dog - The Everly Brothers
440,How Am I Supposed to Live Without You - Michael Bolton
441,The Beatles - Let It Be
442,Baby Got Back - Sir Mix-A-Lot
443,Dizzy - Tommy Roe
444,Better Now - Post Malone
445,Lost in Your Eyes - Debbie Gibson
446,He's So Fine - The Chiffons
447,Someday - Mariah Carey
448,Need You Tonight-INXS
449,Get Up and Boogie - Silver Convention
450,Quarterflash - Harden My Heart
451,The Letter - The Box Tops
452,Mariah Carey - Hero
453,Shake You Down - Gregory Abbott
454,Before the Next Teardrop Falls - Freddy Fender
455,How Can You Mend a Broken Heart? - Bee Gees
456,Stay - Lisa Loeb & Nine Stories
457,Touch Me in the Morning - Diana Ross
458,Sexyback - Justin Timberlake
459,Starship - We Built This City
460,Kung Fu Fighting - Carl Douglas
461,This Is How We Do It - Montell Jordan
462,Huey Lewis and the News - Stuck With You
463,Without You - Nilsson
464,Party All the Time - Eddie Murphy
465,Happy Together-Turtles
466,Rick Astley - Never Gonna Give You Up
467,I Adore Mi Amor - Color Me Badd
468,I'm Yours - Jason Mraz
469,Steve Miller Band - The Joker
470,The Rubberband Man - The Spinners
471,Sweet Child O' Mine - Guns N' Roses
472,Come Softly to Me - The Fleetwoods
473,All the Man That I Need - Whitney Houston
474,"Donna, Ritchie Valens"
475,Somethin' Stupid Nancy Sinatra & Frank Sinatra
476,One Bad Apple (Osmonds)
477,Don't Let Go (Love) - En Vogue
478,Pump Up the Jam - Technotronic
479,Everytime You Go Away - Paul Young
480,Ain't It Funny - Jennifer Lopez
481,Don't Know Much - Linda Ronstadt
482,Temperature - Sean Paul
483,This Guy's in Love With You - Herb Alpert
484,George Harrison - Got My Mind Set on You
485,9 to 5 - Dolly Parton
486,Mark Dinning - Teen Angel
487,High Enough - Damn Yankees
488,Disturbia - Rihanna
489,Rock Me Amadeus - Falco
490,Like a Prayer - Madonna
491,I Love a Rainy Night - Eddie Rabbitt
492,Billy Paul - Me & Mrs. Jones
493,Close to You - Maxi Priest
494,All for You- Janet Jackson
495,Runaround Sue - Dion
496,Bohemian Rhapsody - Queen
497,"I Can't Help Myself (Sugar Pie, Honey Bunch) - The Four Tops"
498,Rosanna - Toto
499,The Four Seasons - Sherry
500,Simple Minds - Don't You (Forget About Me)
501,Bobby Vinton - There I've Said It Again
502,Kyrie - Mr. Mister
503,Roar- Katy Perry
504,Put Your Head on My Shoulder - Paul Anka
505,MacArthur Park - Donna Summer
506,Karma Chameleon - Culture Club
507,You've Lost That Lovin' Feelin' - The Righteous Brothers
508,Save the Last Dance for Me - The Drifters
509,Kiss - Prince and the Revolution
510,You Don't Bring Me Flowers - Barbra Streisand & Neil Diamond
511,Always Be My Baby - Mariah Carey
512,Rude - Magic!
513,St Elmo's Fire (Man in Motion) (John Parr - 'St Elmo's Fire')
514,Stand by Me - Ben E. King
515,Release Me - Wilson Phillips
516,Marilyn McCoo & Billy Davis Jr. - You Don't Have to Be a Star
517,"Thank U, Next - Ariana Grande"
518,I Kissed a Girl - Katy Perry
519,Sugar- Maroon 5
520,I'm Your Baby Tonight - Whitney Houston
521,Island Girl - Elton John
522,Cold Hearted - Paula Abdul
523,"""Fly, Robin, Fly"" - Silver Convention"
524,New Kids on the Block - Step by Step
525,Janet Jackson - Together Again
526,My Prerogative - Bobby Brown
527,Then Came You - Dionne Warwick & Spinners
528,So Emotional - Whitney Houston
529,Last Date - Floyd Cramer
530,Whatcha Say - Jason Derulo
531,Black Velvet - Alannah Myles
532,Matchbox Twenty - Unwell
533,Out of Touch - Hall & Oates
534,Lawrence Welk - Calcutta
535,"""Jive Talkin'"" - The Bee Gees"
536,The Way It Is - Bruce Hornsby & the Range
537,Minnie Riperton - Lovin' You
538,How Will I Know - Whitney Houston
539,3 Doors Down - Here Without You
540,Give Me One Reason - Tracy Chapman
541,Freak Me - Silk
542,Payphone - Maroon 5
543,Hot N Cold by Katy Perry
544,Get Low - Lil' Jon
545,Buy U a Drank (Shawty Snappin') - T-Pain
546,Hey Paula - Paul and Paula
547,Don't Talk to Strangers - Rick Springfield
548,Right Thurr - Chingy
549,Part-Time Lover - Stevie Wonder
550,Do Me! - Bell Biv Devoe
551,The Most Beautiful Girl - Charlie Rich
552,Delta Dawn - Helen Reddy
553,Anything for You - Gloria Estefan
554,Airplanes - B.O.B
555,Whitesnake - Here I Go Again
556,I Need to Know - Marc Anthony
557,Mickey - Toni Basil
558,Jump - Kris Kross
559,Blinding Lights - The Weeknd
560,Vicki Lawrence - The Night the Lights Went Out in Georgia
561,Nobody - Keith Sweat
562,No Guidance - Chris Brown Ft. Drake
563,Love Story - Taylor Swift
564,Herb Alpert - Rise
565,Psycho - Post Malone Feat. Ty Dolla Sign
566,Back at One - Brian McKnight
567,Pony Time - Chubby Checker
568,Dorothy Moore - Misty Blue
569,Milli Vanilli - Blame It on the Rain
570,A Horse With No Name - America
571,Ignition (Remix) - R. Kelly
572,I Don't Wanna Cry - Mariah Carey
573,"Get Outta My Dreams, Get Into My Car - Billy Ocean"
574,"Baby, Come to Me - Patti Austin & James Ingram"
575,Sweet Dreams (Are Made of This) - Eurythmics
576,Cardi B - Bodak Yellow
577,I Wanna Know
578,Christina Aguilera - Genie in a Bottle
579,Watch Me - Silento
580,The Supremes - Baby Love
581,Can't Stop the Feeling! - Justin Timberlake
582,OMI - Cheerleader (Felix Jaehn Remix)
583,The Tide Is High - Blondie
584,Sleep Walk - Santo & Johnny
585,Lay Down Sally - Eric Clapton
586,"Leaving on a Jet Plane - Peter, Paul & Mary"
587,Maniac - Michael Sembello
588,Kelly Clarkson - Stronger (What Doesn't Kill You)
589,I Can See Clearly Now - Johnny Nash
590,Shelley Fabares - Johnny Angel
591,Mark Morrison - Return of the Mack
592,Amazed - Lonestar
593,Too Much Heaven - Bee Gees
594,Smack That - Akon
595,The Tears of a Clown - Smokey Robinson & the Miracles
596,Love Song - Sara Bareilles
597,She Ain't Worth It - Glenn Medeiros Ft. Bobby Brown
598,Being With You - Smokey Robinson
599,What Do You Mean? - Justin Bieber
600,Papa Don't Preach - Madonna
601,Everybody's Somebody's Fool - Connie Francis
602,Wannabe - Spice Girls
603,Love Machine - The Miracles
604,Let's Dance - David Bowie
605,"Just the Two of Us - Grover Washington, Jr."
606,Boogie Fever - The Sylvers
607,Where Did Our Love Go? - The Supremes
608,Could've Been - Tiffany
609,Nice for What - Drake
610,Nick Gilder - Hot Child in the City
611,Always - Bon Jovi
612,Bob Seger - Shakedown
613,Right Back Where We Started From - Maxine Nightingale
614,Time in a Bottle - Jim Croce
615,Petula Clark - Downtown
616,You Make Me Feel Like Dancing - Leo Sayer
617,Elegants - Little Star
618,Bobby Vinton - Blue Velvet
619,"Wild, Wild West - The Escape Club"
620,Start Me Up - The Rolling Stones
621,Bent - Matchbox Twenty
622,Meant to Be - Bebe Rexha Ft. Florida Georgia Line
623,Take on Me - A-Ha
624,Bubbly - Colbie Caillat
625,Breathe Again - Toni Braxton
626,Right Round - Flo Rida
627,You Make Me Feel Brand New - The Stylistics
628,Come See About Me - The Supremes
629,Cradle of Love - Billy Idol
630,Rockin' Robin - Bobby Day
631,Love's Theme - Love Unlimited Orchestra
632,My Boyfriend's Back - The Angels
633,Man in the Mirror - Michael Jackson
634,Show and Tell - Al Wilson
635,Didn't We Almost Have It All - Whitney Houston
636,Family Affair - Sly & the Family Stone
637,Timber - Pitbull Feat. Ke$Ha
638,Ice Ice Baby - Vanilla Ice
639,It Wasn't Me - Shaggy
640,All Out of Love - Air Supply
641,Two Hearts - Phil Collins
642,Soldier Boy - The Shirelles
643,Private Eyes - Daryl Hall & John Oates
644,If You Had My Love - Jennifer Lopez
645,Wake Me Up Before You Go-Go - Wham!
646,Always on Time - Ja Rule Feat. Ashanti
647,I Think We're Alone Now - Tiffany
648,West End Girls - Pet Shop Boys
649,Romantic - Karyn White
650,Take Me to Church - Hozier
651,Hotline Bling- Drake
652,Informer - Snow
653,Love So Right - Bee Gees
654,I Believe I Can Fly - R. Kelly
655,I Don't Have the Heart - James Ingram
656,Talk - Khalid
657,Complicated - Avril Lavigne
658,Wind Beneath My Wings - Bette Midler
659,My Humps - Black Eyed Peas
660,Don't Wanna Lose You - Gloria Estefan
661,Heathens - Twenty One Pilots
662,Love Is Alive - Gary Wright
663,Love in This Club - Usher Ft. Young Jeezy
664,50 Ways to Leave Your Lover - Paul Simon
665,My Eyes Adored You - Frankie Valli
666,Who Can It Be Now? - Men at Work
667,I Still Haven't Found What I'm Looking for - U2
668,Oh Pretty Woman - Roy Orbison
669,Go Away Little Girl - Donny Osmond
670,Brandy (You're a Fine Girl) - Looking Glass
671,Angel of Mine - Monica
672,You're Beautiful - James Blunt
673,(You're) Having My Baby - Paul Anka
674,Good Vibrations - Marky Mark and the Funky Bunch Feat. Loleatta Hollow
675,Michael - The Highwaymen
676,Stand Up - Ludacris
677,All I Wanna Do Is Make Love to You - Heart
678,Celebration - Kool & the Gang
679,Beyonce Featuring Slim Thug - Check on It
680,Photograph - Nickelback
681,Return to Sender - Elvis Presley With the Jordanaries
682,If I Can't Have You - Yvonne Elliman
683,Love Will Never Do (Without You) - Janet Jackson
684,"Right Here, Right Now-Jesus Jones"
685,Telstar - The Tornados
686,Theme From Greatest American Hero (Believe It or Not) - Joey Scarbury
687,The Flame - Cheap Trick
688,I Get Around - The Beach Boys
689,Super Bass - Nicki Minaj
690,Cee Lo Green- Fuck You
691,Don't It Make My Brown Eyes Blue - Crystal Gayle
692,There'll Be Sad Songs (To Make You Cry) - Billy Ocean
693,Duke of Earl - Gene Chandler
694,U Remind Me - Usher
695,Hot Chocolate - You Sexy Thing
696,Let's Hear It for the Boy - Deniece Williams
697,Indian Reservation - The Raiders
698,"Billy, Don't Be a Hero - Bo Donaldson & the Heywoods"
699,Dream Weaver - Gary Wright
700,Stronger - Kanye West
701,Baby One More Time- Britney Spears
702,Girl I'm Gonna Miss You - Milli Vanilli
703,Personality - Lloyd Price
704,Nothing From Nothing - Billy Preston
705,You Should Be Dancing- Bee Gees
706,Panda - Desiigner
707,Laughter in the Rain - Neil Sedaka
708,So What - Pink
709,Saving All My Love for You - Whitney Houston
710,Little Jeannie - Elton John
711,Kiss on My List - Daryl Hall & John Oates
712,Kiss Kiss - Chris Brown Ft. T-Pain
713,Girlfriend - Avril Lavigne
714,You're the One That I Want - John Travolta and Olivianewton-John
715,Torn Between Two Lovers - Mary Macgregor
716,Missing You - John Waite
717,A View to a Kill - Duran Duran
718,Break Your Heart - Taio Cruz
719,Work It - Missy Elliott
720,The Lion Sleeps Tonight - The Tokens
721,Go Away Little Girl - Steve Lawrence
722,Slow Hand - The Pointer Sisters
723,Phil Collins - A Groovy Kind of Love
724,Wedding Bell Blues - The 5th Dimension
725,Do Wah Diddy Diddy - Manfred Mann
726,TSOP (The Sound of Philadelphia) — MFSB and the Three Degrees
727,In My Feelings - Drake
728,Wrecking Ball - Miley Cyrus
729,Glory of Love - Peter Cetera
730,Baby Don't Get Hooked on Me - Mac Davis
731,Muskrat Love - Captain & Tennille
732,Keep on Loving You - REO Speedwagon
733,Hey! Baby - Bruce Channel
734,Lowdown - Boz Scaggs
735,Love on the Rocks - Neil Diamond
736,Ho Hey - The Lumineers
737,One More Night - Phil Collins
738,Let Me Blow Ya Mind - Eve
739,Ain't No Mountain High Enough - Diana Ross
740,Teenage Dream - Katy Perry
741,Lonely Night (Angel Face) - Captain & Tennille
742,Addicted to Love - Robert Palmer
743,Heaven - Bryan Adams
744,Set Fire to the Rain - Adele
745,Come Together - The Beatles
746,I Want You Back - Jackson 5
747,Motownphilly - Boyz II Men
748,Missing - Everything but the Girl
749,Fame - David Bowie
750,Annie's Song - John Denver
751,(Can't Live Without Your) Love and Affection - Nelson
752,Chariots of Fire - Vangelis
753,Starboy - The Weeknd
754,Hey There Delilah - Plain White T's
755,Human - Human League
756,You'll Never Find Another Love Like Mine - Lou Rawls
757,Always - Atlantic Starr
758,Hooked on a Feeling - Blue Swede
759,Save the Best for Last - Vanessa Williams
760,Weak - SWV
761,The Byrds - Turn! Turn! Turn!
762,Aaliyah - Try Again
763,(You're My) Soul and Inspiration - The Righteous Brothers
764,Let's Go Crazy - Prince and the Revolution
765,Greenfields - The Brothers Four
766,Do Anything - Natural Selection
767,Head to Toe - Lisa Lisa & Cult Jam
768,Good Feeling - Flo Rida
769,Everything She Wants - Wham!
770,The Look - Roxette
771,Bobby Vinton - Mr. Lonely
772,I Gotcha - Joe Tex
773,Good Times - Chic
774,Easy Lover - Philip Bailey & Phil Collins
775,Sad Eyes - Robert John
776,Here Comes the Hotstepper- Ini Kamoze
777,You Haven't Done Nothin' - Stevie Wonder
778,Playground in My Mind - Clint Holmes
779,C'est La Vie - Robbie Nevil
780,If Wishes Came True - Sweet Sensation
781,War - Edwin Starr
782,Coming Out of the Dark - Gloria Estefan
783,Tha Crossroads - Bone Thugs-N-Harmony
784,Frankenstein - The Edgar Winter Group
785,Sara - Starship
786,Hold on - En Vogue
787,Single Ladies (Put a Ring on It) - Beyonce
788,Party in the U.S.A. - Miley Cyrus
789,Emotion - Samantha Sang
790,Miami Vice Theme - Jan Hammer
791,One Less Bell to Answer - The 5th Dimension
792,Sukiyaki - Kyu Sakamoto
793,Louie Louie - The Kingsmen
794,I'd Do Anything for Love (But I Won't Do That) - Meat Loaf
795,Angie - The Rolling Stones
796,Uptown Girl - Billy Joel
797,Change the World - Eric Clapton
798,Black Water - Doobie Brothers
799,Tighten Up - Archie Bell & the Drells
800,At This Moment - Billy Vera & the Beaters
801,I Will Follow Him - Little Peggy March
802,Mama Told Me Not to Come - Three Dog Night
803,Dream Lover - Bobby Darin
804,Fireflies - Owl City
805,Forever - Chris Brown
806,Blue Moon - The Marcels
807,Heaven Is a Place on Earth - Belinda Carlisle
808,Heartless - Kanye West
809,Someday We'll Be Together - Diana Ross & the Supremes
810,Sundown- Gordon Lightfoot
811,Sledgehammer - Peter Gabriel
812,Why - Frankie Avalon
813,"Shake Ya Tailfeather - Nelly, P. Diddy & Murphy Lee"
814,If I Ever Fall in Love - Shai
815,The Sweet Escape - Gwen Stefani
816,She Drives Me Crazy - Fine Young Cannibals
817,Travelin' Man - Ricky Nelson
818,With You - Chris Brown
819,Starships - Nicki Minaj
820,ABC - Jackson 5
821,Time After Time - Cyndi Lauper
822,Open Arms - Journey
823,The Loco-Motion - Grand Funk
824,Grease - Frankie Valli
825,P!Nk - Just Give Me a Reason Ft. Nate Ruess
826,Take a Bow - Rihanna
827,Car Wash- Rose Royse
828,Judy in Disguise (With Glasses) - John Fred and His Playboy Band
829,96 Tears - ? & the Mysterians
830,Dancing on the Ceiling - Lionel Richie
831,Stitches - Shawn Mendes
832,Truly - Lionel Richie
833,Kiss Me - Sixpence None the Richer
834,(I've Had) the Time of My Life Bill Medley & Jennifer Warnes
835,My Love - Justin Timberlake Ft. T.I.
836,(Hey Won't You Play) Another Somebody Done Somebody Wrong Song - BJ Thomas
837,Tragedy - Bee Gees
838,Drops of Jupiter - Train
839,Theme From Mahogany (Do You Know Where You're Going To) - Diana Ross
840,Will You Love Me Tomorrow - The Shirelles
841,He Don't Love You (Like I Love You) - Tony Orlando & Dawn
842,"Gypsys, Tramps & Thieves - Cher"
843,No Air - Jordin Sparks & Chris Brown
844,My Guy - Mary Wells
845,When I See You Smile - Bad English
846,Just My Imagination - The Temptations
847,Boulevard of Broken Dreams - Green Day
848,Livin' La Vida Loca - Ricky Martin
849,You're in Love - Wilson Phillips
850,Mashed Potato Time - Dee Dee Sharp
851,Queen of Hearts - Juice Newton
852,Will to Power - Baby I Love Your Way/Freebird Medley
853,The Hustle - Van McCoy
854,Harper Valley P.T.A. - Jeannie C. Riley
855,Cherish - Kool & the Gang
856,"Don't Worry, Be Happy - Bobby McFerrin"
857,Lean on Me - Club Nouveau
858,Forever Your Girl - Paula Abdul
859,Wishing Well - Terence Trent D'Arby
860,"Fingertips, Pt. 2 - Stevie Wonder"
861,Stutter - Joe Ft. Mystikal
862,You Are the Sunshine of My Life - Stevie Wonder
863,I Miss You - Klymaxx
864,When I Think of You - Janet Jackson
865,Unpretty - TLC
866,Stevie Nicks & Tom Petty - Stop Draggin' My Heart Around
867,Again - Janet Jackson
868,Father Figure - George Michael
869,Toy Soldiers - Martika
870,Girl You Know It's True - Milli Vanilli
871,"Exhale (Shoop, Shoop) - Whitney Houston"
872,Let's Stay Together - Al Green
873,Semi-Charmed Life - Third Eye Blind
874,Make It With You - Bread
875,Cream - Prince & the New Power Generation
876,Hello Goodbye - The Beatles
877,Theme From Shaft - Isaac Hayes
878,DJ Got Us Fallin' in Love - Usher
879,Boogie Nights - Heatwave
880,Up Where We Belong - Joe Cocker & Jennifer Warnes
881,Friends & Lovers - Gloria Loring & Carl Anderson
882,Live to Tell - Madonna
883,Don't Cha - Pussycat Dolls
884,Lady Marmalade - Labelle
885,Hit 'em Up Style - Blu Cantrell
886,Let Your Love Flow - Bellamy Brothers
887,I Knew You Were Waiting (For Me) - Aretha Franklin and George Michael
888,My Way - Usher
889,American Woman - The Guess Who
890,Miss You - The Rolling Stones
891,You're Sixteen - Ringo Starr
892,Paul McCartney & Wings - Band on the Run
893,Hoobastank - The Reason
894,Sunshine on My Shoulders - John Denver
895,All My Life - K-Ci & Jojo
896,Don't Dream It's Over - Crowded House
897,Where Do Broken Hearts Go - Whitney Houston
898,You Give Love a Bad Name - Bon Jovi
899,Say It Isn't So - Daryl Hall & John Oates
900,Everybody Have Fun Tonight - Wang Chung
901,Music - Madonna
902,Baker Street - Gerry Rafferty
903,Venus - Bananarama
904,Shut Up and Dance - Walk the Moon
905,Do You Really Want to Hurt Me - Culture Club
906,The Stripper - David Rose
907,A Little More Love - Olivia Newton-John
908,Soul II Soul - Back to Life
909,Love to Love You Baby - Donna Summer
910,Can't Smile Without You - Barry Manilow
911,M - Pop Muzik
912,A Thousand Miles - Vanessa Carlton
913,Handy Man - Jimmy Jones
914,Sara Smile - Daryl Hall & John Oates
915,All Around the World - Lisa Stansfield
916,Take My Breath Away - Berlin
917,Mrs Robinson - Simon & Garfunkel
918,Incense and Peppermints - Strawberry Alarm Clock
919,This Diamond Ring - Gary Lewis and the Playboys
920,Rude Boy - Rihanna
921,"The Candy Man - Sammy Davis, Jr."
922,Mony Mony - Billy Idol
923,Last Train to Clarksville - The Monkees
924,Mrs. Brown You've Got a Lovely Daughter - Herman's Hermits
925,The Girl Is Mine Michael Jackson and Paul McCartney
926,Sensitivity - Ralph Tresvant
927,Giving You the Best That I Got - Anita Baker
928,The Reflex - Duran Duran
929,Everybody Loves Somebody - Dean Martin
930,The Love You Save - Jackson 5
931,You Needed Me - Anne Murray
932,This Love - Maroon 5
933,Don't Leave Me This Way - Thelma Houston
934,A Hard Day's Night - The Beatles
935,Cutting Crew - (I Just) Died in Your Arms
936,Seasons Change - Exposé
937,Amanda - Boston
938,Dancing in the Dark - Bruce Springsteen
939,Nothin' on You - B.O.B Feat. Bruno Mars
940,Destiny's Child - Jumpin' Jumpin'
941,We Can Work It Out - The Beatles
942,"Hello, I Love You - The Doors"
943,Sexual Healing - Marvin Gaye
944,Rapture - Blondie
945,Higher Love - Steve Winwood
946,Disco Inferno - 50 Cent
947,Steam - Na Na Hey Hey Kiss Him Goodbye
948,Diamonds - Rihanna
949,Quarter to Three - Gary U.S. Bonds
950,What's Luv? - Fat Joe
951,Got to Give It Up (Part 1) - Marvin Gaye
952,I Don't Wanna Know - Mario Winans
953,"Grillz - Nelly Ft. Paul Wall, Ali & Gipp"
954,Memories - Maroon 5
955,Wooly Bully - Sam the Sham and the Pharoahs
956,Joyride - Roxette
957,Kansas City - Wilbert Harrison
958,Pumped Up Kicks - Foster the People
959,Lips of an Angel - Hinder
960,Sussudio - Phil Collins
961,21 Questions - 50 Cent
962,Bad Medicine - Bon Jovi
963,Baby-Baby-Baby - TLC
964,Talk Dirty - Jason Derulo Feat. 2 Chainz
965,This Is What You Came for (Feat. Rihanna) - Calvin Harris
966,Let's Do It Again - The Staple Singers
967,Unskinny Bop - Poison
968,Love Will Lead You Back - Taylor Dayne
969,I'll Be There for You - Bon Jovi
970,Heaven - Warrant
971,Ride Like the Wind - Christopher Cross
972,Can't Buy Me Love - The Beatles
973,The Best of Times - Styx
974,Shame on the Moon - Bob Seger
975,My Life - Billy Joel
976,Crush - Jennifer Paige
977,Mirrors - Justin Timberlake
978,Just a Dream - Nelly
979,House of the Rising Sun - The Animals
980,I Feel for You - Chaka Khan
981,Walk Like a Man - The Four Seasons
982,The Mamas and the Papas - Monday Monday
983,Chapel of Love - The Dixie Cups
984,Pick Up the Pieces - Average White Band
985,Take Good Care of My Baby - Bobby Vee
986,Have You Ever Really Loved a Woman? - Bryan Adams
987,Lately - Divine
988,Bump N Grind - R. Kelly
989,Don't Start Now - Dua Lipa
990,Listen to Your Heart - Roxette
991,"All for Love - Bryan Adams, Rod Stewart and Sting"
992,Cruise - Florida Georgia Line Feat. Nelly
993,I Feel Fine - The Beatles
994,Only Girl (In the World) - Rihanna
995,Lights - Ellie Goulding
996,Is This Love - Whitesnake
997,Caribbean Queen (No More Love on the Run) - Billy Ocean
998,High Hopes - Panic! at the Disco
999,Love Theme From Romeo & Juliet - Henry Mancini
